{"version":2,"hash":{"type":"Buffer","data":"SCroFSVbJpSN+ztpOezCFA58RDhsBvI85tDO9eqWV5nKVGjOpbHgCELVS/fy/w5dFkwPZ99juW/kkR2fMRBkEfdNIFDQFv1StEao+ol5wOVQtoi17HUE/uPqdzFH0a2rE1Wh3AuV3JN+TVIp+WsvApsnYKPPKcleE3sDrqMs2P8="},"indexValueMap":{"SZFaYRSX3bGRKbc0+X0c0HG/aIOgEaw3EwXxgtaeyV4=":{"valueMac":{"type":"Buffer","data":"aUDsg7ur6ylwAYvPhxNpZazq2DEXHjgmxvnpDAW5xO0="}},"n9DyynA2kDOMJzSaAlZ1TaDYEUd93BuOmKupDVxpk8M=":{"valueMac":{"type":"Buffer","data":"eBboHEckAmQWiDjLKlPHYaa4QNOqsld1WUDBShi2ggY="}}}}