{"version":2,"hash":{"type":"Buffer","data":"1yDc8rmTpZLhBq2Ry8c1UDRxl3t3sY6SHO/uaXYqAbmcwYdfDL0io/AibLi4AcbtzC/GZAhhckLP49KEQGWks0sx4HB3oslNunP0Y0AMkBO0nN9gYUYjvZNtyN+8n3CRdPAe4BYTv12q2Zyw6Y4vrxckW3NrjsgjsN0TBomug6Q="},"indexValueMap":{"rCsDjS2JkvBuzVGjxQi+9vWmYaR94Vh9d5WXl2HPJC0=":{"valueMac":{"type":"Buffer","data":"GqcFyK4Wl2sXz2TZlDKf8hZDL5zTGJG3LLY1Fd9Nz84="}},"hTBjBTx4/wYmp8N+xYpFFp1HID182P42V5wDB8CLPYs=":{"valueMac":{"type":"Buffer","data":"cI5YtbLkh8pyIGsxyh6m6gXgL2fsfHspJ2kU2skaUOM="}},"bVW9Stwrkdbt6v/ZvAmTYqYxivqzM2XUQXrCwfAmhOY=":{"valueMac":{"type":"Buffer","data":"zOrVZTg0fSB4UL6mhnE5hd7olMAvDvf96pc0GWaUO8c="}},"7a8A3mW4UX/3AiGGgNaKiUNTggnkTXo7KiTAq2CVF8c=":{"valueMac":{"type":"Buffer","data":"+lBPShHAJSUlsW4NDl8+0M0uTbAEFj3XI3S49DVYbak="}},"uN45rb9sLlgvkizU+hThZTxCe4JzLou99s1lxpe2tCs=":{"valueMac":{"type":"Buffer","data":"J0BJiRJa3XIm1Ejx4ynDLOoNALotylg77amJGdVldWQ="}}}}