{"noiseKey":{"private":{"type":"Buffer","data":"wOSMcEqPDmSt0MUxgSWuxfSZwHZCRRLv4mINpCWu8lM="},"public":{"type":"Buffer","data":"x3/pIqax+E/dGQXLSOtgoi204zR1Sn63wLT2cJATfGI="}},"signedIdentityKey":{"private":{"type":"Buffer","data":"iGI5avrfyRMrTDv3J8t2wfe4BFbCa12/AL5jCejIzVY="},"public":{"type":"Buffer","data":"56WGzRdtGeuKLIci1//XNPgaEps5FDWF4H3CIckBrEA="}},"signedPreKey":{"keyPair":{"private":{"type":"Buffer","data":"mKgkjJvhXjRYAyAqkMymYQ47XC2AGRXx9fkSj74NvVU="},"public":{"type":"Buffer","data":"FqYmrCfJVmLsnYXmperXrsQUglXjqFP8AOe4pPrzWz4="}},"signature":{"type":"Buffer","data":"dpCI3xbt9cIyMd8eFgT0qrNKZHJEs7dRc/EfW9W4yGa7JNq8vU5j32TpRdFo5NeuIYP6AZqxzaxrRSWabKyhjg=="},"keyId":1},"registrationId":163,"advSecretKey":"2+oVFjHR407DGCKwDdk0zGlHSoNrneEsBxAd+vGjrFE=","processedHistoryMessages":[{"key":{"remoteJid":"62815469888212@s.whatsapp.net","fromMe":true,"id":"E13FAE31C65C8A4D955CBAE4B404BC7A"},"messageTimestamp":1682923943},{"key":{"remoteJid":"62815469888212@s.whatsapp.net","fromMe":true,"id":"BF84C39210158B53FF6D6EDDA32BDB76"},"messageTimestamp":1682923943},{"key":{"remoteJid":"62815469888212@s.whatsapp.net","fromMe":true,"id":"8DE40E0B7C2AD20B4C313E2F491788F8"},"messageTimestamp":1682923945},{"key":{"remoteJid":"62815469888212@s.whatsapp.net","fromMe":true,"id":"EC9911ACD3C338A28D8ECEC294E3C041"},"messageTimestamp":1682923945},{"key":{"remoteJid":"62815469888212@s.whatsapp.net","fromMe":true,"id":"A7BA11E76AC797C9B66C1FE7EB2E05CF"},"messageTimestamp":1682923946}],"nextPreKeyId":31,"firstUnuploadedPreKeyId":31,"accountSyncCounter":1,"accountSettings":{"unarchiveChats":false},"account":{"details":"CNnGraMHEJjDvaIGGAE=","accountSignatureKey":"yqSdKHvvhvBB8ZIqQ3I572F+ze7FX8R2WKxcFh0XHkI=","accountSignature":"Fdx+1ihcZtuqTkKL8xQ2Q0AGYbtWpLdIppZ8I7Zo/bFomp1mzGjcuIhFlNOf2MyHttTUAztbsdfSHXRAewlsDA==","deviceSignature":"2cAixavUEmELI5ZAP0rvavsB1+0UOXgkCLtcJRnfSSJMXYNli0g3kHn+sxhAJmbmVvJvejH6X3x0hU0Yf5GAiA=="},"me":{"id":"62815469888212:6@s.whatsapp.net","jid":"62815469888212@s.whatsapp.net","name":"y"},"signalIdentities":[{"identifier":{"name":"62815469888212:6@s.whatsapp.net","deviceId":0},"identifierKey":{"type":"Buffer","data":"BcqknSh774bwQfGSKkNyOe9hfs3uxV/EdlisXBYdFx5C"}}],"platform":"android","lastAccountSyncTimestamp":1682923933,"myAppStateKeyId":"AAAAAFu5"}