{"_sessions":{"BfyPpqLAmtNx81U+U+TA0keWi2QfHvZ/SWP524pMlyFJ":{"registrationId":453578994,"currentRatchet":{"ephemeralKeyPair":{"pubKey":"BTN/mxtUxmHO6vimDqwN+2cejB33g09KHP80WAltmjFC","privKey":"wMRPmaLSrYbEnz+zM+fLOhPFXTGxZcE8fqN7bx4QXE8="},"lastRemoteEphemeralKey":"BXuLm6Mjtj+XYyUbnpRtVjl8g1T5ibOSptPfK1KD0Blm","previousCounter":0,"rootKey":"oSbwrMTBs0nQlotYPB7jpz7F8UaiExIgJNhxnLoWqgw="},"indexInfo":{"baseKey":"BfyPpqLAmtNx81U+U+TA0keWi2QfHvZ/SWP524pMlyFJ","baseKeyType":2,"closed":-1,"used":1682923938910,"created":1682923938910,"remoteIdentityKey":"BcqknSh774bwQfGSKkNyOe9hfs3uxV/EdlisXBYdFx5C"},"_chains":{"BXuLm6Mjtj+XYyUbnpRtVjl8g1T5ibOSptPfK1KD0Blm":{"chainKey":{"counter":8,"key":"g3kCQCw+BK4/w98GMTeb+kpXhXKeaI+FfdpGLd1wQ84="},"chainType":2,"messageKeys":{}},"BTN/mxtUxmHO6vimDqwN+2cejB33g09KHP80WAltmjFC":{"chainKey":{"counter":-1,"key":"/9JkxATYTSbNhRJ/wxOd0J0PTOONpAfTsHjPZvXV/ps="},"chainType":1,"messageKeys":{}}}}},"version":"v1"}